{
  "phonebook": [
    {
      "Name": "이창해",
      "Phone": "010-3643-3526",
      "Profile": "몰입캠프 2분반",
      "url": "https://randompicturegenerator.com/img/cat-generator/gd289075a1c87a119496d8238bd50090bdb1e5c0d58db00f62ffa1b445aeeaa78424d38a473da6018ae4ab94fcab66d1f_640.jpg"
    },
    {
      "Name": "김태연",
      "Phone": "010-4068-7378",
      "Profile": "몰입캠프 2분반",
      "url": "https://randompicturegenerator.com/img/cat-generator/gdabf3eef0302e9ca1dab90a84b38a24f8eb29b7ea68d93c527f2af5de37ae8689815925f8df8225096338e3e36ef69f2_640.jpg"
    },
    {
      "Name": "정세진",
      "Phone": "010-1563-1529",
      "Profile": "몰입캠프 2분반",
      "url": "https://randompicturegenerator.com/img/cat-generator/gef51cb031487efdd3075011ff519786ab4da1f19dd28a293fe488dfc4ff111171e6eb2ad60ab9ba9556dcd097e82ee79_640.jpg"
    },
    {
      "Name": "문동우",
      "Phone": "010-7825-2905",
      "Profile": "몰입캠프 2분반",
      "url": "https://randompicturegenerator.com/img/cat-generator/g6e9e4ee06acba1e5b6c545ab2cdafea5e8af548779f30627ffa43e09ee8938f4c017a895f7cd6e77ddf9c86c42fa9390_640.jpg"
    },
    {
      "Name": "방준형",
      "Phone": "010-5708-2040",
      "Profile": "몰입캠프 2분반",
      "url": "https://randompicturegenerator.com/img/cat-generator/g43fea6b93b47a5788a4a61a3d9a6808654d1bed9464f49092dd91b120a5d6c70dd39c559c9eefee3abaf6daea5e9c52d_640.jpg"
    },
    {
      "Name": "이영준",
      "Phone": "010-8873-9293",
      "Profile": "몰입캠프 2분반",
      "url": "https://randompicturegenerator.com/img/cat-generator/g648d06dbe3783e5545360a474da6b893252a7de042b67ac988db5ff7ced79f5508af0581b72337f32b84422f35d5068a_640.jpg"
    },
    {
      "Name": "박정은",
      "Phone": "010-5537-2108",
      "Profile": "몰입캠프 2분반",
      "url": "https://randompicturegenerator.com/img/cat-generator/gf4fb2e43a59a62a5e1ad4099bcfc174fe612b0c24ff1f73c277558a97e3bf701316e52c732396ba43931dd929e5dce89_640.jpg"
    },
    {
      "Name": "정재모",
      "Phone": "010-0994-5743",
      "Profile": "몰입캠프 2분반",
      "url": "https://randompicturegenerator.com/img/cat-generator/gb889f951fc97c8ec5e4f57457b186da6fef4a473199b5a47ebbb153ba27d587c22e92ec83f5d8823bac93e8a7542df6e_640.jpg"
    },
    {
      "Name": "신혁교",
      "Phone": "010-4803-7800",
      "Profile": "몰입캠프 2분반",
      "url": "https://randompicturegenerator.com/img/cat-generator/g0847013ac71e374102dc8d94e3173d5d60dc3082ff5bda70b85bb5b431f4917eb914ae06bf1f157dc2f8213788f724d1_640.jpg"
    },
    {
      "Name": "박병현",
      "Phone": "010-2006-5693",
      "Profile": "몰입캠프 2분반",
      "url": "https://randompicturegenerator.com/img/cat-generator/g0f7efb8e631a6ead35f068418a568b22d6c9c70ea8add57671ce7b7a23083eacb8e91dd2f4d0fefccf5900410bd8b9f0_640.jpg"
    },
    {
      "Name": "최동원",
      "Phone": "010-1375-4748",
      "Profile": "몰입캠프 2분반",
      "url": "https://randompicturegenerator.com/img/cat-generator/g0da280343fac29a84fbf3dd8b50d8ce8dffcb92b9d8b8aa0af14c10409eed64367e042a5fec9642fc117abaf2e7bc529_640.jpg"
    },
    {
      "Name": "김아나스타시야",
      "Phone": "010-1250-7400",
      "Profile": "몰입캠프 2분반",
      "url": "https://randompicturegenerator.com/img/cat-generator/g99d4b5e4a82c40eac966db95b6267d4263faf5662131fdf2e64c3a7ae7302c09b3de2f7309db176fc6f0066d59ad9b9a_640.jpg"
    },
    {
      "Name": "전이준",
      "Phone": "010-9026-3270",
      "Profile": "몰입캠프 2분반",
      "url": "https://randompicturegenerator.com/img/cat-generator/g4b491c0458cb75b42a635ec93f621061fce4666e235aa0ced8306ca11f2320a3611f5efb97d5db4671fd0e213c5a4193_640.jpg"
    },
    {
      "Name": "안태찬",
      "Phone": "010-3002-1406",
      "Profile": "몰입캠프 2분반",
      "url": "https://randompicturegenerator.com/img/cat-generator/g38b2f203ae5b2b4a6a0a86756959c6228d1132751644937ca237e59f5ccbafe32fe62083089824b7cc8fe4d5c9435765_640.jpg"
    },
    {
      "Name": "김민",
      "Phone": "010-7179-2953",
      "Profile": "몰입캠프 2분반",
      "url": "https://randompicturegenerator.com/img/cat-generator/g3761b4aec55aefeb38b7ba5c3e995e776b70884806ef7b8e010bb0e7f3b963882614405c90beff1363c9f00e31e00e76_640.jpg"
    },
    {
      "Name": "윤창호",
      "Phone": "010-9471-3740",
      "Profile": "몰입캠프 2분반",
      "url": "https://randompicturegenerator.com/img/cat-generator/g90ff1911dbc875601b6b31894e8bafcde8e7a9c463eca0f104a5b2f8a57cba53f093be809f1a3501e3bdaedb5b68eb17_640.jpg"
    },
    {
      "Name": "정채현",
      "Phone": "010-6824-1254",
      "Profile": "몰입캠프 2분반",
      "url": "https://randompicturegenerator.com/img/cat-generator/gd93fb6e428fcbd5c7a4704392e04c485b68f120f083501e742f030fd7bfcaa963b4768a8e4217575764ed950454678f9_640.jpg"
    },
    {
      "Name": "서재덕",
      "Phone": "010-0519-2262",
      "Profile": "몰입캠프 2분반",
      "url": "https://randompicturegenerator.com/img/cat-generator/g247b8d5c40ac0a9ba125c3e2377ad3e17d9d7749225aa21b744173c6e48ef6c63b15446b869d93f854d37bc778daf783_640.jpg"
    },
    {
      "Name": "이가현",
      "Phone": "010-5782-7399",
      "Profile": "몰입캠프 2분반",
      "url": "https://randompicturegenerator.com/img/cat-generator/g8903c086bd0ab3c739ad1e148d007dc5d4566fecf775c6a476620d7f76c68eae57a43451b4fe361a8ef8515d0224ba8a_640.jpg"
    },
    {
      "Name": "남하욱",
      "Phone": "010-7369-0514",
      "Profile": "몰입캠프 2분반",
      "url": "https://randompicturegenerator.com/img/cat-generator/g7e1c08504f676a43ef1b698935f46e6dc88cea5be9b2ced450d6524af00718587cc42a6533ff6001005e36d477a4e6cd_640.jpg"
    }
  ]
}